<?xml version="1.0" encoding="UTF-8"?>
<interface>
    <requires lib="gtk+" version="3.24"/>
    <object class="GtkAdjustment" id="adjust_gap_size">
        <property name="upper">200</property>
        <property name="step-increment">1</property>
        <property name="page-increment">10</property>
    </object>
    <object class="GtkAdjustment" id="adjust_top_gap_size">
        <property name="upper">200</property>
        <property name="step-increment">1</property>
        <property name="page-increment">10</property>
    </object>
    <object class="GtkAdjustment" id="adjust_left_gap_size">
        <property name="upper">200</property>
        <property name="step-increment">1</property>
        <property name="page-increment">10</property>
    </object>
    <object class="GtkAdjustment" id="adjust_right_gap_size">
        <property name="upper">200</property>
        <property name="step-increment">1</property>
        <property name="page-increment">10</property>
    </object>
    <object class="GtkAdjustment" id="adjust_bottom_gap_size">
        <property name="upper">200</property>
        <property name="step-increment">1</property>
        <property name="page-increment">10</property>
    </object>
    <object class="GtkNotebook" id="settings_notebook">
        <property name="visible">True</property>
        <property name="can-focus">True</property>
        <child>
            <object class="GtkGrid">
                <property name="visible">True</property>
                <property name="can-focus">False</property>
                <property name="margin-start">5</property>
                <property name="margin-end">5</property>
                <property name="margin-top">10</property>
                <property name="margin-bottom">5</property>
                <property name="row-spacing">10</property>
                <property name="column-spacing">10</property>
                <child>
                    <object class="GtkLabel">
                        <property name="visible">True</property>
                        <property name="can-focus">False</property>
                        <property name="halign">start</property>
                        <property name="hexpand">True</property>
                        <property name="label">Gap size (px)</property>
                        <layout>
                            <property name="column">0</property>
                            <property name="row">0</property>
                        </layout>
                    </object>
                </child>
                <child>
                    <object class="GtkSpinButton" id="spin_gap_size">
                        <property name="visible">True</property>
                        <property name="can-focus">True</property>
                        <property name="halign">end</property>
                        <property name="valign">center</property>
                        <property name="adjustment">adjust_gap_size</property>
                        <layout>
                            <property name="column">1</property>
                            <property name="row">0</property>
                        </layout>
                    </object>
                </child>
            </object>
        </child>
        <child type="tab">
            <object class="GtkLabel">
                <property name="label" translatable="yes">Basic settings</property>
            </object>
        </child>
        <child>
            <object class="GtkGrid">
                <property name="visible">True</property>
                <property name="can-focus">False</property>
                <property name="margin-start">5</property>
                <property name="margin-end">5</property>
                <property name="margin-top">10</property>
                <property name="margin-bottom">5</property>
                <property name="row-spacing">10</property>
                <property name="column-spacing">10</property>
                <child>
                    <object class="GtkLabel">
                        <property name="visible">True</property>
                        <property name="can-focus">False</property>
                        <property name="halign">start</property>
                        <property name="hexpand">True</property>
                        <property name="label">Top gap size (px)</property>
                        <layout>
                            <property name="column">0</property>
                            <property name="row">0</property>
                        </layout>
                    </object>
                </child>
                <child>
                    <object class="GtkLabel">
                        <property name="visible">True</property>
                        <property name="can-focus">False</property>
                        <property name="halign">start</property>
                        <property name="hexpand">True</property>
                        <property name="label">Left gap size (px)</property>
                        <layout>
                            <property name="column">0</property>
                            <property name="row">1</property>
                        </layout>
                    </object>
                </child>
                <child>
                    <object class="GtkLabel">
                        <property name="visible">True</property>
                        <property name="can-focus">False</property>
                        <property name="halign">start</property>
                        <property name="hexpand">True</property>
                        <property name="label">Right gap size (px)</property>
                        <layout>
                            <property name="column">0</property>
                            <property name="row">2</property>
                        </layout>
                    </object>
                </child>
                <child>
                    <object class="GtkLabel">
                        <property name="visible">True</property>
                        <property name="can-focus">False</property>
                        <property name="halign">start</property>
                        <property name="hexpand">False</property>
                        <property name="label">Bottom gap size (px)</property>
                        <layout>
                            <property name="column">0</property>
                            <property name="row">3</property>
                        </layout>
                    </object>
                </child>
                <child>
                    <object class="GtkSpinButton" id="spin_top_gap_size">
                        <property name="visible">True</property>
                        <property name="can-focus">True</property>
                        <property name="halign">center</property>
                        <property name="valign">center</property>
                        <property name="adjustment">adjust_top_gap_size</property>
                        <layout>
                            <property name="column">1</property>
                            <property name="row">0</property>
                        </layout>
                    </object>
                </child>
                <child>
                    <object class="GtkSpinButton" id="spin_left_gap_size">
                        <property name="visible">True</property>
                        <property name="can-focus">True</property>
                        <property name="halign">center</property>
                        <property name="valign">center</property>
                        <property name="adjustment">adjust_left_gap_size</property>
                        <layout>
                            <property name="column">1</property>
                            <property name="row">1</property>
                        </layout>
                    </object>
                </child>
                <child>
                    <object class="GtkSpinButton" id="spin_right_gap_size">
                        <property name="visible">True</property>
                        <property name="can-focus">True</property>
                        <property name="halign">center</property>
                        <property name="valign">center</property>
                        <property name="adjustment">adjust_right_gap_size</property>
                        <layout>
                            <property name="column">1</property>
                            <property name="row">2</property>
                        </layout>
                    </object>
                </child>
                <child>
                    <object class="GtkSpinButton" id="spin_bottom_gap_size">
                        <property name="visible">True</property>
                        <property name="can-focus">True</property>
                        <property name="halign">center</property>
                        <property name="valign">center</property>
                        <property name="adjustment">adjust_bottom_gap_size</property>
                        <layout>
                            <property name="column">1</property>
                            <property name="row">3</property>
                        </layout>
                    </object>
                </child>
                <child>
                    <object class="GtkLabel">
                        <property name="visible">True</property>
                        <property name="can-focus">False</property>
                        <property name="halign">end</property>
                        <property name="hexpand">True</property>
                        <property name="label">Primary monitor only</property>
                        <layout>
                            <property name="column">2</property>
                            <property name="row">0</property>
                        </layout>
                    </object>
                </child>
                <child>
                    <object class="GtkLabel">
                        <property name="visible">True</property>
                        <property name="can-focus">False</property>
                        <property name="halign">end</property>
                        <property name="hexpand">True</property>
                        <property name="label">Primary monitor only</property>
                        <layout>
                            <property name="column">2</property>
                            <property name="row">1</property>
                        </layout>
                    </object>
                </child>
                <child>
                    <object class="GtkLabel">
                        <property name="visible">True</property>
                        <property name="can-focus">False</property>
                        <property name="halign">end</property>
                        <property name="hexpand">True</property>
                        <property name="label">Primary monitor only</property>
                        <layout>
                            <property name="column">2</property>
                            <property name="row">2</property>
                        </layout>
                    </object>
                </child>
                <child>
                    <object class="GtkLabel">
                        <property name="visible">True</property>
                        <property name="can-focus">False</property>
                        <property name="halign">end</property>
                        <property name="hexpand">True</property>
                        <property name="label">Primary monitor only</property>
                        <layout>
                            <property name="column">2</property>
                            <property name="row">3</property>
                        </layout>
                    </object>
                </child>
                <child>
                    <object class="GtkSwitch" id="switch_top_primary_only">
                        <property name="visible">True</property>
                        <property name="can-focus">True</property>
                        <property name="halign">end</property>
                        <property name="valign">center</property>
                        <layout>
                            <property name="column">3</property>
                            <property name="row">0</property>
                        </layout>
                    </object>
                </child>
                <child>
                    <object class="GtkSwitch" id="switch_left_primary_only">
                        <property name="visible">True</property>
                        <property name="can-focus">True</property>
                        <property name="halign">end</property>
                        <property name="valign">center</property>
                        <layout>
                            <property name="column">3</property>
                            <property name="row">1</property>
                        </layout>
                    </object>
                </child>
                <child>
                    <object class="GtkSwitch" id="switch_right_primary_only">
                        <property name="visible">True</property>
                        <property name="can-focus">True</property>
                        <property name="halign">end</property>
                        <property name="valign">center</property>
                        <layout>
                            <property name="column">3</property>
                            <property name="row">2</property>
                        </layout>
                    </object>
                </child>
                <child>
                    <object class="GtkSwitch" id="switch_bottom_primary_only">
                        <property name="visible">True</property>
                        <property name="can-focus">True</property>
                        <property name="halign">end</property>
                        <property name="valign">center</property>
                        <layout>
                            <property name="column">3</property>
                            <property name="row">3</property>
                        </layout>
                    </object>
                </child>
            </object>
        </child>
        <child type="tab">
            <object class="GtkLabel">
                <property name="label" translatable="yes">Extra gaps</property>
            </object>
        </child>
    </object>
</interface>
